"pressure","concentration","velocity:0","velocity:1","velocity:2","ALE_velocity:0","ALE_velocity:1","ALE_velocity:2","heaviside","edgeSize","kappa","distance","gravity:0","gravity:1","gravity:2","surface_force:0","surface_force:1","surface_force:2","normal:0","normal:1","normal:2","viscosity","density","Points:0","Points:1","Points:2"
1.0134,0,0.0016387,-0.0038306,-0.05589,-0.0061402,-0.0071774,-0.05591,0.5,0.040489,3.3947,0,0,0,-1,6.2855e-06,-0.00021746,-0.0017583,-0.0028441,0.083173,0.9961,0.95,0.55,0,0.048527,-0.33505
1.0094,0,0.0018563,-0.001657,-0.056383,-0.0078723,-0.0068196,-0.056922,0.5,0.03563,3.3862,0,0,0,-1,-5.0328e-05,-4.5328e-05,-0.0014452,-0.0029666,0.031893,0.99946,0.95,0.55,0,0.018345,-0.33321
1.0225,0,0.0011074,-0.010353,-0.054198,0.0080049,-0.01214,-0.054093,0.5,0.049474,3.4381,0,0,0,-1,-6.4866e-05,-0.00070533,-0.0025014,-0.0028192,0.26344,0.96378,0.95,0.55,0,0.15343,-0.3536
1.0198,0,0.0012658,-0.0083631,-0.055119,0.0084675,-0.0096152,-0.055105,0.5,0.042242,3.422,0,0,0,-1,-1.3079e-05,-0.00039383,-0.0018002,-0.0024152,0.20912,0.97747,0.95,0.55,0,0.12229,-0.34601
1.0155,0,0.0015108,-0.0063426,-0.055683,-0.00011805,-0.006431,-0.055818,0.5,0.045212,3.4067,0,0,0,-1,-4.3367e-05,-0.00035857,-0.0020356,-0.002672,0.14851,0.98809,0.95,0.55,0,0.086648,-0.33964
1.0143,0,0.0016098,-0.004592,-0.05585,-0.0038234,-0.0065577,-0.055817,0.5,0.042122,3.3989,0,0,0,-1,-1.5835e-05,-0.00027649,-0.0019207,-0.002819,0.10119,0.99427,0.95,0.55,0,0.059031,-0.33608
1.024,0,0.00099492,-0.011212,-0.05388,0.010035,-0.015746,-0.052948,0.5,0.050208,3.4451,0,0,0,-1,-4.9359e-05,-0.0007975,-0.0025,-0.0028062,0.28532,0.9576,0.95,0.55,-1.7347e-18,0.16602,-0.35713
1.0352,0,0.00067083,-0.013763,-0.0517,-0.02304,-0.032646,-0.045029,0.5,0.048281,3.4736,0,0,0,-1,-1.5738e-06,-0.00083211,-0.0021638,-0.0032372,0.35874,0.93283,0.95,0.55,0,0.2081,-0.37143
1.0303,0,0.00079095,-0.012585,-0.052776,-0.0075877,-0.025999,-0.047931,0.5,0.049433,3.4609,0,0,0,-1,-3.3324e-05,-0.00081287,-0.0023535,-0.003029,0.32537,0.94445,0.95,0.55,0,0.18899,-0.36471
1.0183,0,0.0013092,-0.0076567,-0.055322,0.0061896,-0.0083493,-0.055403,0.5,0.042247,3.4158,0,0,0,-1,-5.2192e-07,-0.00034781,-0.0016932,-0.0025285,0.18865,0.98154,0.95,0.55,0,0.11031,-0.34363
1.0886,0,0.00048502,-0.023672,-0.043938,-0.0054277,-0.029808,-0.039444,0.5,0.046338,3.6904,0,0,0,-1,0.00012508,-0.0015737,-0.0017255,-0.0035418,0.62949,0.7766,0.95,0.55,0,0.35625,-0.45637
1.0732,0,0.00037087,-0.022174,-0.046291,-0.014117,-0.035199,-0.038278,0.5,0.046638,3.6234,0,0,0,-1,-4.9162e-05,-0.0012192,-0.0017215,-0.0035798,0.56718,0.82272,0.95,0.55,0,0.32344,-0.43206
1.0691,0,0.00035844,-0.021785,-0.046812,-0.015394,-0.036872,-0.037593,0.5,0.045183,3.6087,0,0,0,-1,-2.5364e-05,-0.0011912,-0.0017266,-0.0035571,0.55319,0.83243,0.95,0.55,0,0.31602,-0.42696
1.0622,0,0.00040427,-0.020504,-0.047651,-0.026768,-0.042243,-0.035198,0.5,0.044999,3.5769,0,0,0,-1,-4.3486e-05,-0.00107,-0.0017214,-0.0037739,0.52169,0.85202,0.95,0.55,-1.7347e-18,0.29895,-0.41635
1.0904,0,0.00049117,-0.023818,-0.043615,-0.0051807,-0.029421,-0.03949,0.5,0.046591,3.696,0,0,0,-1,0.00013392,-0.0015654,-0.0017011,-0.003491,0.63626,0.77108,0.95,0.55,0,0.35977,-0.45925
1.1061,0,0.00027714,-0.024536,-0.040819,-0.0034325,-0.026951,-0.039077,0.5,0.047426,3.7538,0,0,0,-1,0.00017663,-0.0020284,-0.0024776,-0.0034568,0.68478,0.72764,0.95,0.55,0,0.38469,-0.48148
1.3698,0,-0.0011159,0.017684,0.015739,-0.0030056,0.01072,-0.013836,0.5,0.059563,4.5597,0,0,0,-1,0.0001794,-0.0044951,0.0011534,-0.0060529,0.97103,-0.22391,0.95,0.55,0,0.52105,-0.88895
1.3509,0,-0.00046748,0.010163,0.013311,-0.0024117,0.0062135,-0.012909,0.5,0.057344,4.527,0,0,0,-1,0.00015712,-0.004695,0.00089347,-0.0064305,0.98699,-0.1543,0.95,0.55,0,0.52665,-0.86322
1.4437,0,-0.001167,0.050753,0.021531,0.0027788,0.026132,-0.021915,0.5,0.061522,4.6807,0,0,0,-1,-8.5079e-05,-0.0047527,0.0028007,-0.004665,0.86909,-0.49134,0.95,0.55,1.7347e-18,0.48463,-0.98478
1.4304,0,-0.0017394,0.044863,0.021544,-0.00028318,0.023984,-0.019875,0.5,0.062459,4.6603,0,0,0,-1,-6.1207e-05,-0.0051165,0.0029825,-0.0040156,0.89133,-0.44942,0.95,0.55,0,0.49245,-0.97006
1.0444,0,0.00020984,-0.016365,-0.049665,-0.046215,-0.042767,-0.038127,0.5,0.046272,3.5138,0,0,0,-1,2.0509e-05,-0.00092191,-0.0021347,-0.0038102,0.42601,0.90398,0.95,0.55,1.7347e-18,0.24615,-0.38776
1.0385,0,0.00039354,-0.014852,-0.050854,-0.035505,-0.038367,-0.041794,0.5,0.047615,3.4899,0,0,0,-1,1.6448e-06,-0.0008793,-0.0022037,-0.0035702,0.38703,0.92118,0.95,0.55,-1.7347e-18,0.22415,-0.37803
2.4522,0,0.0037633,0.010611,-0.043854,-0.0052709,0.0059921,-0.043664,0.5,0.064416,0.40926,0,0,0,-1,-5.2189e-06,-2.9091e-06,0.00038649,-0.0070172,0.023992,-0.99967,0.95,0.55,0,0.024592,-1.1775
2.4133,0,0.0015997,0.045639,-0.042547,-0.024175,0.0094873,-0.044073,0.5,0.064854,0.82717,0,0,0,-1,-4.3791e-05,-5.5601e-05,0.0011537,-0.0048064,0.046279,-0.99888,0.95,0.55,0,0.081328,-1.1758
1.0468,0,0.0019188,0.015994,-0.050888,-0.018886,0.029469,-0.044771,0.5,0.04307,3.518,0,0,0,-1,2.0843e-05,0.000578,-0.0013829,-0.0032244,-0.43278,0.9013,0.95,0.55,0,-0.25078,-0.38923
1.0473,0,0.0019229,0.016128,-0.050794,-0.019032,0.029527,-0.044662,0.5,0.043077,3.5202,0,0,0,-1,2.4393e-05,0.00059334,-0.0014011,-0.0032528,-0.43629,0.89969,0.95,0.55,0,-0.25274,-0.39014
1.1566,0,0.0017401,0.02505,-0.030318,0.00081653,0.024199,-0.032016,0.5,0.051639,3.9369,0,0,0,-1,-0.00019683,0.0031175,-0.0018873,-0.0032148,-0.83095,0.55457,0.95,0.55,0,-0.45759,-0.56628
1.1762,0,0.002296,0.024288,-0.02649,0.000527,0.022703,-0.029585,0.5,0.05345,4.0029,0,0,0,-1,-0.00013811,0.0029823,-0.0013385,-0.0029812,-0.87049,0.48973,0.95,0.55,0,-0.4761,-0.59652
1.0725,0,0.0018517,0.020461,-0.04691,-0.0018302,0.027677,-0.0423,0.5,0.044915,3.6163,0,0,0,-1,-6.4471e-05,0.001359,-0.0018691,-0.003074,-0.5615,0.82671,0.95,0.55,0,-0.32094,-0.42979
1.0855,0,0.0019619,0.021701,-0.045275,0.001605,0.027159,-0.041382,0.5,0.045453,3.6648,0,0,0,-1,6.5743e-05,0.0016869,-0.0019967,-0.0028331,-0.61893,0.78506,0.95,0.55,0,-0.35143,-0.45185
1.1505,0,0.0016063,0.025183,-0.031725,0.00098014,0.024604,-0.032928,0.5,0.051355,3.9094,0,0,0,-1,-0.00011352,0.0034089,-0.0021601,-0.0030053,-0.81501,0.57792,0.95,0.55,0,-0.44999,-0.55519
1.0679,0,0.0019513,0.019891,-0.047748,-0.0046251,0.028324,-0.042841,0.5,0.045519,3.5988,0,0,0,-1,1.6159e-05,0.0012533,-0.0019185,-0.0030236,-0.53638,0.84299,0.95,0.55,0,-0.30742,-0.421
1.1096,0,0.0019552,0.023697,-0.040888,0.0023537,0.026568,-0.038515,0.5,0.0496,3.7475,0,0,0,-1,-9.367e-05,0.0014788,-0.0015544,-0.0029447,-0.70319,0.71007,0.95,0.55,0,-0.39495,-0.4904
1.1263,0,0.0018388,0.024695,-0.037085,0.0018087,0.025887,-0.036045,0.5,0.050529,3.8119,0,0,0,-1,-0.00011337,0.0017575,-0.0016882,-0.0029835,-0.75619,0.65391,0.95,0.55,0,-0.42148,-0.51842
1.1283,0,0.0018255,0.024743,-0.036714,0.0017444,0.025821,-0.035809,0.5,0.050297,3.8179,0,0,0,-1,-8.3115e-05,0.0017765,-0.0016615,-0.0030575,-0.76104,0.64822,0.95,0.55,0,-0.42385,-0.5212
1.0871,0,0.0019674,0.021912,-0.044975,0.0018343,0.027086,-0.041229,0.5,0.045747,3.6708,0,0,0,-1,7.0811e-05,0.0016934,-0.001976,-0.0028841,-0.62553,0.77986,0.95,0.55,0,-0.35491,-0.45458
1.1031,0,0.0019753,0.023237,-0.042219,0.0023651,0.026776,-0.03939,0.5,0.048833,3.7239,0,0,0,-1,-5.8843e-05,0.0014744,-0.0016086,-0.0029339,-0.68144,0.73114,0.95,0.55,0,-0.38388,-0.47973
1.0105,0,0.001436,0.0017965,-0.056406,-0.0062279,-0.0017349,-0.057047,0.5,0.041778,3.3886,0,0,0,-1,-1.7887e-05,0.00011049,-0.0017681,-0.0030937,-0.041808,0.99856,0.95,0.55,0,-0.025263,-0.33359
1.0106,0,0.0013931,0.0032939,-0.056267,-0.0048106,0.0012643,-0.056851,0.5,0.043461,3.3944,0,0,0,-1,4.7597e-06,0.0001131,-0.0018561,-0.0029727,-0.082303,0.99584,0.95,0.55,0,-0.049036,-0.33513
1.0109,0,0.0015481,0.00074038,-0.05644,-0.0063288,-0.0034223,-0.056981,0.5,0.041114,3.3888,0,0,0,-1,-2.7138e-05,9.4396e-05,-0.0017905,-0.0030474,-0.018592,0.99929,0.95,0.55,0,-0.011613,-0.33317
1.0139,0,0.0016291,0.0049658,-0.05593,-0.0047072,0.0042115,-0.056549,0.5,0.041117,3.3987,0,0,0,-1,1.0062e-05,0.00012793,-0.0017371,-0.0030299,-0.1195,0.99228,0.95,0.55,0,-0.070851,-0.33731
1.0191,0,0.0019169,0.0093442,-0.054116,-0.0033888,0.014272,-0.053149,0.5,0.045153,3.4327,0,0,0,-1,-8.2104e-06,0.00072071,-0.0021961,-0.0031336,-0.24919,0.96821,0.95,0.55,0,-0.14622,-0.35118
1.0222,0,0.001907,0.010305,-0.053841,-0.0041552,0.017087,-0.05211,0.5,0.044197,3.4427,0,0,0,-1,-4.6799e-06,0.0007122,-0.0020647,-0.0032038,-0.27083,0.96196,0.95,0.55,0,-0.15869,-0.35479
1.0152,0,0.0016728,0.005868,-0.055424,-0.0043532,0.0065829,-0.055806,0.5,0.040657,3.4031,0,0,0,-1,-3.7729e-06,0.00022694,-0.001723,-0.0029925,-0.1528,0.98773,0.95,0.55,0,-0.090297,-0.33997
1.017,0,0.0016265,0.0065276,-0.055146,-0.0042209,0.0084025,-0.055205,0.5,0.043219,3.4126,0,0,0,-1,2.8804e-05,0.0003475,-0.0019297,-0.0029886,-0.18106,0.98281,0.95,0.55,0,-0.10672,-0.34273
1.0094,0,0.0018607,-0.0016207,-0.056385,-0.0079023,-0.0067932,-0.056932,0.5,0.035647,3.3862,0,0,0,-1,-5.048e-05,-4.2292e-05,-0.0014473,-0.0029672,0.03096,0.99949,0.95,0.55,0,0.017792,-0.33319
1.0186,0,0.0019002,0.0090322,-0.054166,-0.0035557,0.013722,-0.053261,0.5,0.045338,3.4295,0,0,0,-1,-2.8626e-06,0.00069259,-0.0022123,-0.0030843,-0.24131,0.9701,0.95,0.55,0,-0.14167,-0.35008
1.0295,0,0.0018495,0.012279,-0.05338,-0.0058638,0.021239,-0.050565,0.5,0.042569,3.4643,0,0,0,-1,2.3625e-05,0.00068939,-0.0017997,-0.0033171,-0.31509,0.94863,0.95,0.55,8.6736e-19,-0.18415,-0.36248
1.0389,0,0.0017966,0.014109,-0.052365,-0.014443,0.025654,-0.047994,0.5,0.042927,3.4909,0,0,0,-1,-2.1476e-05,0.00071276,-0.0017206,-0.0032196,-0.37622,0.92576,0.95,0.55,3.4694e-18,-0.21895,-0.37549
1.2513,0,0.00057647,0.015591,-0.0089624,0.00094116,0.013028,-0.021137,0.5,0.057211,4.2412,0,0,0,-1,-6.2624e-05,0.0045774,-0.00088822,-0.0031175,-0.97624,0.21233,0.95,0.55,0,-0.52313,-0.71822
1.282,0,0.0012274,0.0088176,-0.0019293,0.00086382,0.0072768,-0.018957,0.5,0.058304,4.3391,0,0,0,-1,-7.173e-05,0.0053887,-0.00057541,-0.0036978,-0.99499,0.090497,0.95,0.55,0,-0.53108,-0.76852
1.1062,0,0.0019741,0.023499,-0.04166,0.0024656,0.026705,-0.039024,0.5,0.049424,3.7345,0,0,0,-1,-8.5434e-05,0.0014433,-0.0015466,-0.002939,-0.69228,0.72155,0.95,0.55,0,-0.38949,-0.48467
1.0483,0,0.0019349,0.016296,-0.050643,-0.018458,0.029531,-0.044495,0.5,0.043462,3.5235,0,0,0,-1,3.1588e-05,0.00062214,-0.0014284,-0.0032767,-0.44108,0.89719,0.95,0.55,0,-0.25538,-0.3915
1.0582,0,0.0020767,0.018631,-0.049075,-0.0089642,0.028554,-0.04374,0.5,0.045031,3.569,0,0,0,-1,5.3479e-05,0.0012065,-0.0021031,-0.0031613,-0.4965,0.86705,0.95,0.55,0,-0.2858,-0.40797
1.106,0,0.0019674,0.023484,-0.041712,0.0024697,0.026714,-0.039062,0.5,0.049342,3.7333,0,0,0,-1,-8.3537e-05,0.0014309,-0.001535,-0.002948,-0.69138,0.72241,0.95,0.55,0,-0.38903,-0.48424
1.0319,0,0.00189,0.012809,-0.053091,-0.0082864,0.022513,-0.049758,0.5,0.042518,3.4731,0,0,0,-1,2.8104e-05,0.00072129,-0.0017898,-0.0033414,-0.33299,0.94232,0.95,0.55,-8.6736e-19,-0.19436,-0.36607
1.1536,0,0.00030119,-0.025891,-0.029738,-0.0013505,-0.023073,-0.034131,0.5,0.053335,3.9233,0,0,0,-1,2.8812e-05,-0.0022662,-0.0014583,-0.0037964,0.82248,0.56663,0.95,0.55,0,0.45243,-0.56021
1.1393,0,0.00025528,-0.025704,-0.03382,-0.0017825,-0.023829,-0.036362,0.5,0.051278,3.8652,0,0,0,-1,0.0002378,-0.0023077,-0.0016654,-0.0037468,0.77392,0.63217,0.95,0.55,0,0.42911,-0.52881
1.1357,0,0.00030563,-0.025669,-0.034614,-0.0019224,-0.024071,-0.036789,0.5,0.050562,3.853,0,0,0,-1,0.00024171,-0.0022218,-0.0016567,-0.0036781,0.76342,0.64501,0.95,0.55,0,0.42399,-0.5226
1.1123,0,0.00021045,-0.024808,-0.039725,-0.0027491,-0.025974,-0.038932,0.5,0.047711,3.7752,0,0,0,-1,0.00017944,-0.0021535,-0.0026866,-0.0034758,0.70311,0.71089,0.95,0.55,0,0.39407,-0.49003
1.0504,0,0.00035962,-0.018027,-0.048911,-0.042546,-0.04472,-0.035572,0.5,0.044352,3.5328,0,0,0,-1,-2.657e-05,-0.00094545,-0.0019034,-0.003675,0.46388,0.88495,0.95,0.55,-1.7347e-18,0.26725,-0.39838
1.0555,0,0.00049766,-0.019101,-0.048363,-0.037198,-0.043981,-0.035144,0.5,0.043031,3.5461,0,0,0,-1,-1.8242e-05,-0.00097572,-0.0017508,-0.0036384,0.48898,0.87176,0.95,0.55,0,0.28117,-0.40572
1.1646,0,0.00019485,-0.025684,-0.027121,-0.0012241,-0.022395,-0.03263,0.5,0.051777,3.9596,0,0,0,-1,0.00010254,-0.002533,-0.0015234,-0.0042597,0.84673,0.52982,0.95,0.55,-3.4694e-18,0.46382,-0.57749
1.1116,0,0.00021225,-0.024786,-0.039872,-0.0028101,-0.026053,-0.038994,0.5,0.047569,3.773,0,0,0,-1,0.00017551,-0.0021493,-0.0026974,-0.0034415,0.701,0.713,0.95,0.55,0,0.39301,-0.48898
1.1802,0,0.00037773,-0.025143,-0.023643,-0.00096363,-0.021432,-0.030588,0.5,0.051708,4.0112,0,0,0,-1,0.0001167,-0.002879,-0.0016679,-0.0042837,0.87478,0.48212,0.95,0.55,0,0.47684,-0.59965
2.3385,0,-0.00037541,0.053124,-0.043199,-0.027937,0.018702,-0.044718,0.5,0.064598,0.93317,0,0,0,-1,-1.3826e-05,-5.8625e-05,0.0010647,-0.002474,0.056729,-0.99821,0.95,0.55,1.7347e-18,0.097345,-1.1749
2.1405,0,0.0023526,0.069169,-0.043906,-0.055936,0.0066847,-0.049703,0.5,0.062818,1.4857,0,0,0,-1,-2.3073e-05,-6.4473e-05,0.0020863,-0.0027244,0.092214,-0.99556,0.95,0.55,0,0.14115,-1.1721
2.4752,0,0.0059436,-0.024538,-0.047081,0.0011354,-0.0039662,-0.046473,0.5,0.065427,0.69506,0,0,0,-1,-7.294e-05,-6.8887e-05,0.00090479,-0.0091384,0.0026613,-0.99991,0.95,0.55,0,-0.034955,-1.1785
2.4501,0,0.0035771,0.0080437,-0.043921,-0.0043555,0.0045905,-0.043659,0.5,0.064364,0.39245,0,0,0,-1,1.7488e-08,-2.7136e-06,0.00030922,-0.0072686,0.022359,-0.99971,0.95,0.55,4.3368e-19,0.020215,-1.1777
1.3191,0,0.00027515,-0.0023397,0.0070219,-0.0012564,-0.0024919,-0.013802,0.5,0.058683,4.4287,0,0,0,-1,-1.265e-05,-0.0048045,0.00025823,-0.0053173,0.9982,-0.012835,0.95,0.55,0,0.53097,-0.80877
1.297,0,0.00042393,-0.0070314,0.0038207,-0.00093316,-0.0060585,-0.015206,0.5,0.04879,4.3708,0,0,0,-1,-0.00029012,-0.0035413,-8.441e-05,-0.004378,0.99767,0.051873,0.95,0.55,0,0.53033,-0.78298
1.8569,0,0.0091828,-0.084323,-0.043762,-0.15017,-0.11492,-0.031023,0.5,0.059488,2.6159,0,0,0,-1,2.7256e-05,0.00045036,0.0024487,-0.006548,-0.18794,-0.98182,0.95,0.55,0,-0.21951,-1.1654
1.8976,0,0.0075457,-0.078157,-0.045651,-0.12708,-0.1073,-0.033339,0.5,0.059158,2.3962,0,0,0,-1,4.4452e-05,0.00034209,0.0019958,-0.0050888,-0.16305,-0.98598,0.95,0.55,0,-0.20289,-1.168
1.2214,0,0.0012472,0.020532,-0.016581,0.00060137,0.017903,-0.02432,0.5,0.059731,4.1369,0,0,0,-1,-0.00024968,0.0042223,-0.0016747,-0.003167,-0.94033,0.33487,0.95,0.55,0,-0.50768,-0.66568
1.245,0,0.00062177,0.016719,-0.010289,0.00096151,0.014027,-0.021753,0.5,0.057469,4.2217,0,0,0,-1,-6.0716e-05,0.0044007,-0.0010008,-0.0029772,-0.97042,0.23668,0.95,0.55,0,-0.52066,-0.7079
1.2091,0,0.0017957,0.021904,-0.019645,0.00057475,0.01951,-0.025789,0.5,0.057235,4.0984,0,0,0,-1,-0.0002334,0.0038492,-0.0017054,-0.0028414,-0.92292,0.3805,0.95,0.55,0,-0.5,-0.64575
1.9372,0,-0.00099022,0.098684,-0.041684,0.034631,-0.0079272,-0.062655,0.5,0.047787,2.4107,0,0,0,-1,-1.5683e-05,-0.00029932,0.0013649,0.0012116,0.19283,-0.981,0.95,0.55,0,0.22024,-1.1614
1.8497,0,4.816e-05,0.10879,-0.030465,0.0090437,0.013586,-0.057266,0.5,0.052558,2.9824,0,0,0,-1,-0.0001381,-0.00083917,0.0027641,9.1686e-05,0.26647,-0.96321,0.95,0.55,0,0.26019,-1.1523
1.287,0,0.000705,-0.0094005,0.0019546,-0.00068584,-0.0078629,-0.016031,0.5,0.048659,4.3438,0,0,0,-1,-0.00034206,-0.0033033,-0.00035511,-0.004342,0.99546,0.08638,0.95,0.55,0,0.52941,-0.76919
1.3393,0,-4.8292e-05,0.0053695,0.011237,-0.0017,0.0028495,-0.013322,0.5,0.059102,4.4904,0,0,0,-1,0.00011695,-0.0052389,0.00077114,-0.0063683,0.99223,-0.099905,0.95,0.55,0,0.52884,-0.84229
1.2865,0,0.0011042,0.0077543,-0.00091743,0.00074152,0.0064244,-0.018651,0.5,0.057994,4.3529,0,0,0,-1,-5.1844e-05,0.0052453,-0.00047395,-0.0037275,-0.99655,0.073821,0.95,0.55,0,-0.53172,-0.77527
1.3877,0,-0.0012173,0.024538,0.01815,-0.0031039,0.014869,-0.014282,0.5,0.055923,4.5927,0,0,0,-1,0.00017012,-0.0033763,0.0011507,-0.0048686,0.95615,-0.28931,0.95,0.55,0,0.51526,-0.91311
1.5235,0,-0.0013056,0.087638,0.014061,0.0027877,0.026134,-0.045036,0.5,0.054647,4.5353,0,0,0,-1,0.0001327,-0.0026222,0.0025394,-0.0036153,0.69121,-0.72069,0.95,0.55,0,0.42393,-1.0627
1.4934,0,-0.00087214,0.07437,0.018735,0.0081334,0.027757,-0.036925,0.5,0.055171,4.6476,0,0,0,-1,0.0002268,-0.0033215,0.0023178,-0.0055734,0.76498,-0.64171,0.95,0.55,0,0.44913,-1.0359
2.4678,0,0.0066124,-0.032589,-0.047823,0.0028487,-0.0068005,-0.047189,0.5,0.065349,0.78877,0,0,0,-1,-8.3371e-05,-7.6272e-05,0.0010334,-0.0097004,-0.0032001,-0.9999,0.95,0.55,0,-0.048786,-1.1787
2.4762,0,0.0063352,-0.031443,-0.047702,0.0023131,-0.0057137,-0.047074,0.5,0.065558,0.76598,0,0,0,-1,-8.4743e-05,-8.0216e-05,0.0010336,-0.0096091,-0.0016194,-0.99995,0.95,0.55,0,-0.046632,-1.1787
1.2274,0,0.0014471,-0.019947,-0.012409,-0.00048534,-0.016674,-0.023156,0.5,0.056849,4.1763,0,0,0,-1,-2.3627e-06,-0.0036394,-0.0010889,-0.0042624,0.95172,0.30121,0.95,0.55,0,0.51135,-0.67965
1.2088,0,0.00093284,-0.02267,-0.0172,-0.00065546,-0.019096,-0.026275,0.5,0.054843,4.1239,0,0,0,-1,0.00013642,-0.0035323,-0.0010734,-0.0041653,0.9242,0.37887,0.95,0.55,0,0.49916,-0.64588
1.1983,0,0.00081876,-0.023785,-0.019351,-0.00082731,-0.02004,-0.02783,0.5,0.055559,4.0905,0,0,0,-1,0.00021119,-0.0034589,-0.0014462,-0.0042789,0.90722,0.41665,0.95,0.55,0,0.49169,-0.62909
1.1871,0,0.0021459,0.02376,-0.023966,0.00045277,0.021737,-0.028225,0.5,0.054798,4.0392,0,0,0,-1,-0.00017101,0.0035027,-0.0014947,-0.0029411,-0.89,0.45297,0.95,0.55,0,-0.48509,-0.61333
1.6219,0,0.00065956,-0.11074,-0.013672,0.0018077,0.0045706,-0.075171,0.5,0.057182,4.083,0,0,0,-1,-0.00031155,0.0019288,0.0036749,-0.0013221,-0.46129,-0.88652,0.95,0.55,0,-0.34171,-1.1254
1.6253,0,0.00089915,-0.11076,-0.014758,-0.0025882,-0.0010533,-0.071563,0.5,0.05668,4.0593,0,0,0,-1,-0.00031024,0.0018711,0.0036172,-0.0015593,-0.45565,-0.89005,0.95,0.55,0,-0.33969,-1.1266
1.5695,0,-0.0019342,0.10825,0.0046605,-0.0137,0.02146,-0.054689,0.5,0.052891,4.3042,0,0,0,-1,0.00017958,-0.0019856,0.0028489,-0.0019289,0.55977,-0.82741,0.95,0.55,0,0.37861,-1.0994
1.5419,0,0.00051949,0.096374,0.012731,-0.0046344,0.024483,-0.049242,0.5,0.055472,4.4661,0,0,0,-1,0.00016854,-0.0025522,0.0027363,-0.0047432,0.65034,-0.75792,0.95,0.55,0,0.4098,-1.0755
1.5325,0,-0.0011759,-0.071375,0.014126,-0.063788,-0.34364,0.3069,0.5,0.052113,5.0978,0,0,0,-1,-0.00010849,0.0027403,0.0023275,-0.0028373,-0.73073,-0.68224,0.95,0.55,0,-0.43612,-1.0547
1.5195,0,-0.00097076,-0.079101,0.0089127,-0.10246,-0.31285,0.25816,0.5,0.050967,4.854,0,0,0,-1,-8.3242e-05,0.0025296,0.0022065,-0.0033763,-0.7158,-0.69691,0.95,0.55,0,-0.43118,-1.0594
1.4401,0,-0.0015657,-0.052454,0.016564,-0.013659,-0.044136,-0.00021534,0.5,0.059327,4.6395,0,0,0,-1,6.5607e-05,0.0033476,0.0022956,-0.0015004,-0.85314,-0.5172,0.95,0.55,0,-0.47976,-0.99606
1.4533,0,-0.00078008,-0.06048,0.016341,-0.013457,-0.057766,0.011961,0.5,0.057373,4.6511,0,0,0,-1,8.8078e-05,0.0034768,0.0027175,-0.001833,-0.81989,-0.57017,0.95,0.55,0,-0.468,-1.0145
1.4657,0,-0.0010142,-0.10924,-0.010806,-0.1286,-0.09804,-0.039698,0.5,0.047562,3.9061,0,0,0,-1,-5.7337e-05,0.0018669,0.0018891,-0.0031663,-0.65797,-0.75224,0.95,0.55,0,-0.41216,-1.0764
1.493,0,-0.0009304,-0.11034,-0.0080009,-0.15773,-0.037036,-0.068825,0.5,0.050412,3.9966,0,0,0,-1,-0.00016951,0.0021644,0.0025082,-0.0029388,-0.62842,-0.77609,0.95,0.55,0,-0.40185,-1.085
1.2359,0,0.0014611,-0.018908,-0.01042,-0.00045489,-0.015713,-0.021894,0.5,0.056756,4.1979,0,0,0,-1,-8.8596e-05,-0.0036289,-0.0010975,-0.0044334,0.96203,0.27074,0.95,0.55,0,0.5158,-0.69294
1.2709,0,0.0010495,-0.01325,-0.0019426,-0.00053613,-0.010873,-0.01759,0.5,0.060436,4.2984,0,0,0,-1,-0.00013576,-0.0039871,-0.00074401,-0.0047343,0.98694,0.14891,0.95,0.55,0,0.52638,-0.74386
1.2432,0,0.0013282,-0.017677,-0.0084689,-0.00052199,-0.01466,-0.020935,0.5,0.05778,4.2181,0,0,0,-1,-0.00011308,-0.0037609,-0.0009706,-0.004678,0.96805,0.24413,0.95,0.55,3.4694e-18,0.51843,-0.70406
1.3588,0,0.0001199,-0.013604,0.011514,-0.0023742,-0.008277,-0.017567,0.5,0.059345,4.5384,0,0,0,-1,0.0004426,0.0050355,0.0013629,-0.0026688,-0.98158,-0.18579,0.95,0.55,0,-0.52611,-0.87598
1.3892,0,0.00025771,-0.026704,0.016202,-0.0047056,-0.015649,-0.019155,0.5,0.060791,4.6056,0,0,0,-1,0.00027847,0.0063896,0.0017931,-0.0017986,-0.94984,-0.30725,0.95,0.55,0,-0.51437,-0.92063
1.9802,0,0.0070878,-0.069818,-0.050421,0.04377,-0.11954,-0.04367,0.5,0.059332,2.0015,0,0,0,-1,1.8041e-05,0.00029469,0.0019374,-0.0094605,-0.108,-0.99389,0.95,0.55,0,-0.16153,-1.1736
1.2982,0,0.00089633,0.0046266,0.0011157,0.00039834,0.0041358,-0.018275,0.5,0.055422,4.3865,0,0,0,-1,-4.6927e-05,0.0046776,-0.0002245,-0.0036252,-0.99747,0.03148,0.95,0.55,0,-0.532,-0.79195
2.0062,0,0.003672,0.085758,-0.046555,0.032122,-0.015818,-0.062835,0.5,0.048133,1.9562,0,0,0,-1,1.2989e-05,-0.00011801,0.0011274,-0.00069819,0.13928,-0.98984,0.95,0.55,0,0.18356,-1.1673
1.9555,0,0.0017747,0.095112,-0.044355,0.049415,-0.010522,-0.063711,0.5,0.054801,2.3099,0,0,0,-1,-2.0834e-05,-0.00032973,0.001867,-0.0004327,0.17094,-0.98505,0.95,0.55,0,0.20552,-1.1642
1.6883,0,-0.0035424,0.12399,-0.0085429,-0.013565,0.023403,-0.053565,0.5,0.05602,3.7182,0,0,0,-1,-4.7034e-05,-0.0012009,0.0029772,-0.00047913,0.40608,-0.91335,0.95,0.55,0,0.3207,-1.1313
1.6731,0,-0.0039029,0.12307,-0.0056765,-0.015019,0.020965,-0.054638,0.5,0.054501,3.8358,0,0,0,-1,-0.00015443,-0.0011561,0.0028447,0.00043961,0.4314,-0.90125,0.95,0.55,0,0.33078,-1.1265
1.5939,0,-0.0025615,0.11071,0.00028898,-0.015473,0.021615,-0.055253,0.5,0.051796,4.2135,0,0,0,-1,-1.5226e-05,-0.0017977,0.0028967,-0.0027595,0.52643,-0.84928,0.95,0.55,0,0.36675,-1.107
2.4781,0,0.0063187,-0.031018,-0.047686,0.0022464,-0.0056206,-0.047038,0.5,0.065588,0.76016,0,0,0,-1,-8.6587e-05,-8.1287e-05,0.0010239,-0.0095075,-0.001228,-0.99995,0.95,0.55,0,-0.0459,-1.1787
1.7865,0,0.0063951,-0.094376,-0.038001,-0.10342,-0.085381,-0.038785,0.5,0.05811,3.1082,0,0,0,-1,1.1839e-05,0.0005965,0.002421,-0.0060447,-0.25097,-0.96599,0.95,0.55,0,-0.25161,-1.1579
1.3544,0,0.00030131,-0.011978,0.010954,-0.0020327,-0.0072708,-0.017528,0.5,0.05906,4.528,0,0,0,-1,0.00049136,0.004873,0.0012975,-0.0028667,-0.9849,-0.16995,0.95,0.55,0,-0.5273,-0.8701
1.5643,0,-0.0015534,-0.1067,0.0035214,0.069729,0.11511,-0.15114,0.5,0.055239,4.482,0,0,0,-1,-0.00025325,0.0023444,0.0033502,-0.0019801,-0.58095,-0.81259,0.95,0.55,0,-0.3851,-1.0982
1.6264,0,0.0010061,-0.11069,-0.015376,-0.0029761,-0.0014531,-0.071265,0.5,0.057216,4.0435,0,0,0,-1,-0.00031694,0.0018885,0.0036839,-0.0018835,-0.45135,-0.89208,0.95,0.55,0,-0.33793,-1.1274
1.7223,0,0.0033852,-0.10412,-0.032289,-0.036192,-0.037945,-0.053416,0.5,0.057594,3.5455,0,0,0,-1,-5.0183e-05,0.000895,0.0028871,-0.0024675,-0.31455,-0.94843,0.95,0.55,0,-0.2824,-1.1498
1.3957,0,-0.00081352,0.028871,0.019256,-0.0018477,0.017239,-0.014441,0.5,0.061822,4.6027,0,0,0,-1,0.00024902,-0.0044893,0.0018804,-0.0052834,0.94333,-0.32568,0.95,0.55,0,0.51094,-0.92616
1.4036,0,-3.8981e-05,-0.03456,0.016745,-0.006197,-0.020318,-0.019516,0.5,0.056667,4.639,0,0,0,-1,0.00022651,0.0048666,0.0016567,-0.0014714,-0.92546,-0.37357,0.95,0.55,0,-0.50554,-0.94446
1.4165,0,-0.00039179,-0.041653,0.016712,-0.0072917,-0.024136,-0.020417,0.5,0.055631,4.6469,0,0,0,-1,-2.331e-05,0.0030859,0.0014067,-0.0021228,-0.89971,-0.43375,0.95,0.55,0,-0.49611,-0.96625
1.4795,0,-0.0016252,0.066523,0.019795,0.0067503,0.028942,-0.03079,0.5,0.058054,4.68,0,0,0,-1,0.00025443,-0.0041714,0.0024999,-0.0039584,0.80127,-0.59544,0.95,0.55,0,0.46131,-1.0204
2.0968,0,0.0080667,-0.067114,-0.051131,0.044262,-0.097106,-0.045317,0.5,0.058191,1.722,0,0,0,-1,-1.1827e-05,0.00015983,0.0014748,-0.0081057,-0.070797,-0.99704,0.95,0.55,0,-0.1289,-1.1762
2.1782,0,0.0086451,-0.062085,-0.050053,0.014529,-0.036084,-0.049628,0.5,0.055525,1.4736,0,0,0,-1,-4.64e-05,4.2703e-05,0.0015347,-0.010638,-0.04439,-0.99888,0.95,0.55,0,-0.10529,-1.1776
1.3444,0,0.00046371,-0.0087606,0.0092008,-0.0014553,-0.0051354,-0.017592,0.5,0.056489,4.5046,0,0,0,-1,0.00034918,0.004485,0.0010172,-0.0030223,-0.98921,-0.1332,0.95,0.55,0,-0.52888,-0.85596
1.3203,0,0.00060725,-0.0012207,0.0053072,-0.00019769,-0.00018598,-0.01762,0.5,0.051781,4.4509,0,0,0,-1,9.3672e-06,0.0034715,0.00026956,-0.0034447,-0.99809,-0.048501,0.95,0.55,0,-0.53199,-0.82343
1.5278,0,-0.0011838,-0.069999,0.014731,-0.053866,-0.33406,0.29931,0.5,0.051902,5.0862,0,0,0,-1,-8.1348e-05,0.002676,0.0022544,-0.0025997,-0.7384,-0.67327,0.95,0.55,0,-0.43882,-1.0515
1.8122,0,0.00087676,0.1128,-0.026318,-0.00011356,0.01205,-0.057403,0.5,0.056404,3.1985,0,0,0,-1,-0.00017296,-0.001089,0.0033852,0.0011215,0.2942,-0.95518,0.95,0.55,0,0.27365,-1.1487
1.8299,0,0.0011537,0.1123,-0.02805,0.0032306,0.013581,-0.05724,0.5,0.056281,3.1249,0,0,0,-1,-0.00014431,-0.00099093,0.0032989,0.00021234,0.28169,-0.95932,0.95,0.55,0,0.26794,-1.1505
1.7406,0,0.0038856,-0.10224,-0.034089,-0.035563,-0.040444,-0.051078,0.5,0.054696,3.4779,0,0,0,-1,-2.5294e-05,0.00072903,0.0026146,-0.004545,-0.29399,-0.9555,0.95,0.55,0,-0.27382,-1.1526
2.0654,0,0.0041161,0.078119,-0.046675,0.0088158,-0.0097216,-0.057325,0.5,0.048461,1.7172,0,0,0,-1,-1.7368e-05,-3.1012e-05,0.001213,0.00025943,0.11576,-0.9932,0.95,0.55,3.4694e-18,0.1659,-1.1696
